DATE,unit,volume,price_per_kg,avg_price,max_price,min_price
2023-01-02,1kgP-BOX,91.0,5369.23076923077,5369.23076923077,,
2023-01-03,2kg상자,268.0,10347.014925373134,10347.014925373134,,
2023-01-04,1kgP-BOX,206.0,10162.6213592233,10162.6213592233,,
2023-01-05,2kg상자,292.0,10408.561643835616,10408.561643835616,,
2023-01-06,1kg상자,250.0,12160.0,12160.0,,
2023-01-07,1kg상자,73.0,14430.13698630137,14430.13698630137,,
2023-01-09,1kg상자,309.0,12526.21359223301,12526.21359223301,,
2023-01-10,2kg상자,1270.0,9431.889763779523,9431.889763779523,,
2023-01-11,1kg.,581.0,13502.5817555938,13502.5817555938,,
2023-01-12,1kgP-BOX,60.0,8850.0,8850.0,,
2023-01-13,1kg상자,279.0,4000.0,4000.0,,
2023-01-14,1kg접시용기 트래이,280.0,12678.57142857143,12678.57142857143,,
2023-01-15,1kg상자,21.0,10600.0,10600.0,,
2023-01-16,1kgP-BOX,11.0,3000.0,3000.0,,
2023-01-17,1kgP-BOX,5.0,1500.0,1500.0,,
2023-01-18,2kg상자,10.0,12400.0,12400.0,,
2023-01-19,1kg.,226.0,15750.44247787611,15750.44247787611,,
2023-01-20,1kg상자,141.0,15316.31205673759,15316.31205673759,,
2023-01-21,1kg상자,4.0,6050.0,6050.0,,
2023-01-24,1kg상자,277.0,12805.05415162455,12805.05415162455,,
2023-01-25,1kg.,256.0,3872.65625,3872.65625,,
2023-01-26,1kgP-BOX,222.0,8059.009009009009,8059.009009009009,,
2023-01-27,1kg상자,549.0,14039.1621129326,14039.1621129326,,
2023-01-28,2kg상자,8.0,13000.0,13000.0,,
2023-01-30,1kg.,314.0,12919.74522292994,12919.74522292994,,
2023-01-31,2kg상자,526.0,10816.539923954377,10816.539923954377,,
2023-02-01,2kg상자,48.0,13375.0,13375.0,,
2023-02-02,1kg상자,5.0,4000.0,4000.0,,
2023-02-03,1kgP-BOX,368.0,11431.25,11431.25,,
2023-02-04,1kg상자,29.0,11200.0,11200.0,,
2023-02-06,2kg상자,326.0,11306.74846625767,11306.74846625767,,
2023-02-07,1kg.,35.0,4557.142857142857,4557.142857142857,,
2023-02-08,2kg상자,40.0,8805.0,8805.0,,
2023-02-09,1kgPE대,219.0,7707.762557077625,7707.762557077625,,
2023-02-10,1kg상자,110.0,3070.909090909091,3070.909090909091,,
2023-02-11,1kg상자,103.0,3592.233009708738,3592.233009708738,,
2023-02-13,1kg.,35.0,4771.428571428572,4771.428571428572,,
2023-02-14,1kg.,81.0,7767.901234567901,7767.901234567901,,
2023-02-15,1kgPP대,272.0,5459.558823529412,5459.558823529412,,
2023-02-16,1kg접시용기 트래이,11.0,3300.0,3300.0,,
2023-02-17,1kg.,38.0,7197.368421052631,7197.368421052631,,
2023-02-18,2kg상자,102.0,8676.470588235296,8676.470588235296,,
2023-02-20,1kg상자,519.0,8995.375722543353,8995.375722543353,,
2023-02-21,1kgP-BOX,11.0,3000.0,3000.0,,
2023-02-22,1kg상자,34.0,10200.0,10200.0,,
2023-02-23,1kg상자,140.0,13000.0,13000.0,,
2023-02-24,2kg파렛트,360.0,9250.0,9250.0,,
2023-02-25,1kg접시용기 트래이,92.0,6726.08695652174,6726.08695652174,,
2023-02-27,1kg상자,611.0,8809.328968903437,8809.328968903437,,
2023-02-28,2kg상자,702.0,9553.846153846154,9553.846153846154,,
2023-03-01,1kg상자,28.0,12100.0,12100.0,,
2023-03-02,2kg상자,818.0,8319.68215158924,8319.68215158924,,
2023-03-03,1kg.,191.0,13471.20418848168,13471.20418848168,,
2023-03-04,2kg파렛트,4244.0,8734.33081998115,8734.33081998115,,
2023-03-06,1kg파렛트,816.0,4000.0,4000.0,,
2023-03-07,2kg.,278.0,6769.78417266187,6769.78417266187,,
2023-03-08,2kg파렛트,1310.0,12411.45038167939,12411.45038167939,,
2023-03-09,1kg상자,342.0,7772.807017543859,7772.807017543859,,
2023-03-10,2kg상자,90.0,3494.4444444444443,3494.4444444444443,,
2023-03-11,1kg파렛트,799.0,3256.57071339174,3256.57071339174,,
2023-03-13,1kgPP대,90.0,11933.33333333333,11933.33333333333,,
2023-03-14,1kg상자,1370.0,3842.700729927007,3842.700729927007,,
2023-03-15,1kg접시용기 트래이,372.0,3846.774193548387,3846.774193548387,,
2023-03-16,1kg접시용기 트래이,22.0,12736.36363636364,12736.36363636364,,
2023-03-17,1kg상자,147.0,2517.006802721089,2517.006802721089,,
2023-03-18,1kgP-BOX,12.0,2000.0,2000.0,,
2023-03-20,1kg상자,71.0,12600.0,12600.0,,
2023-03-21,1kg상자,132.0,2947.727272727273,2947.727272727273,,
2023-03-22,1kg.,190.0,4756.842105263157,4756.842105263157,,
2023-03-23,1kg상자,183.0,4418.579234972678,4418.579234972678,,
2023-03-24,1kg.,66.0,3500.0,3500.0,,
2023-03-25,1kgP-BOX,446.0,4194.170403587444,4194.170403587444,,
2023-03-27,1kg접시용기 트래이,194.0,5401.030927835051,5401.030927835051,,
2023-03-28,1kg상자,390.0,3227.435897435897,3227.435897435897,,
2023-03-29,1kg상자,7032.0,5432.45164960182,5432.45164960182,,
2023-03-30,1kg접시용기 트래이,130.0,3753.846153846154,3753.846153846154,,
2023-03-31,1kg상자,8.0,2000.0,2000.0,,
2023-04-01,1kg.,165.0,5135.757575757576,5135.757575757576,,
2023-04-03,1kg상자,410.0,5060.0,5060.0,,
2023-04-04,1kg상자,7216.0,3279.79490022173,3279.79490022173,,
2023-04-05,1kg.,162.0,1569.135802469136,1569.135802469136,,
2023-04-06,1kg상자,360.0,1600.0,1600.0,,
2023-04-07,1kg상자,1736.0,5140.552995391705,5140.552995391705,,
2023-04-08,2kg상자,484.0,8141.94214876033,8141.94214876033,,
2023-04-10,1kg상자,643.0,4081.337480559876,4081.337480559876,,
2023-04-11,1kg상자,11.0,7181.818181818182,7181.818181818182,,
2023-04-12,2kg상자,536.0,6082.089552238805,6082.089552238805,,
2023-04-13,2kg상자,232.0,4838.362068965517,4838.362068965517,,
2023-04-14,2kg상자,3258.0,7049.41682013505,7049.41682013505,,
2023-04-15,1kgP-BOX,77.0,4500.0,4500.0,,
2023-04-17,1kg상자,1059.0,6029.933899905572,6029.933899905572,,
2023-04-18,1kg상자,454.0,4494.052863436124,4494.052863436124,,
2023-04-19,1kg접시용기 트래이,32.0,3737.5,3737.5,,
2023-04-20,1kg상자,267.0,5142.322097378277,5142.322097378277,,
2023-04-21,1kg접시용기 트래이,928.0,3585.775862068966,3585.775862068966,,
2023-04-22,1kg상자,104.0,5341.346153846154,5341.346153846154,,
2023-04-24,1kg상자,6.0,1800.0,1800.0,,
2023-04-25,2kg상자,8.0,2000.0,2000.0,,
2023-04-26,1kg접시용기 트래이,240.0,5845.833333333332,5845.833333333332,,
2023-04-27,1kg.,25.0,4000.0,4000.0,,
2023-04-28,2kg상자,932.0,8041.309012875535,8041.309012875535,,
2023-04-29,1kg상자,2.0,64250.0,64250.0,,
2023-05-01,1kgP-BOX,48.0,8372.916666666666,8372.916666666666,,
2023-05-02,2kg상자,14.0,6250.0,6250.0,,
2023-05-03,1kg상자,91.0,3824.175824175825,3824.175824175825,,
2023-05-04,1kgP-BOX,169.0,3159.763313609467,3159.763313609467,,
2023-05-05,2kg상자,1992.0,3653.6144578313256,3653.6144578313256,,
2023-05-06,2kg상자,192.0,2828.125,2828.125,,
2023-05-08,2kg.,66.0,7303.0303030303,7303.0303030303,,
2023-05-09,2kg상자,124.0,3766.129032258065,3766.129032258065,,
2023-05-10,1kg상자,15.0,4000.0,4000.0,,
2023-05-11,1kg접시용기 트래이,5.0,6300.0,6300.0,,
2023-05-12,1kg상자,48.0,4500.0,4500.0,,
2023-05-13,2kg.,92.0,3875.0,3875.0,,
2023-05-15,1kg상자,39.0,2800.0,2800.0,,
2023-05-16,1kg채,165.0,2966.666666666666,2966.666666666666,,
2023-05-17,1kg상자,32.0,4021.875,4021.875,,
2023-05-18,1kg.,30.0,3720.0,3720.0,,
2023-05-19,1kg접시용기 트래이,183.0,5213.11475409836,5213.11475409836,,
2023-05-20,1kg접시용기 트래이,65.0,8261.538461538461,8261.538461538461,,
2023-05-22,1kg상자,67.0,3410.447761194029,3410.447761194029,,
2023-05-23,1kg상자,225.0,3703.111111111111,3703.111111111111,,
2023-05-24,1kg접시용기 트래이,103.0,3718.446601941748,3718.446601941748,,
2023-05-25,1kg.,24.0,3800.0,3800.0,,
2023-05-26,1kgPE대,15.0,5000.0,5000.0,,
2023-05-27,1kg접시용기 트래이,41.0,4680.487804878048,4680.487804878048,,
2023-05-29,2kg상자,192.0,8505.208333333336,8505.208333333336,,
2023-05-30,1kg채,10.0,3000.0,3000.0,,
2023-05-31,2kg상자,78.0,9282.05128205128,9282.05128205128,,
2023-06-01,1kg상자,153.0,3682.352941176471,3682.352941176471,,
2023-06-02,2kg상자,122.0,8229.50819672131,8229.50819672131,,
2023-06-03,1kg상자,59.0,5000.0,5000.0,,
2023-06-05,1kg채,88.0,4982.954545454545,4982.954545454545,,
2023-06-06,1kg상자,30.0,9800.0,9800.0,,
2023-06-07,1kg채,3.0,6500.0,6500.0,,
2023-06-08,2kg상자,34.0,10617.64705882353,10617.64705882353,,
2023-06-09,2kg상자,90.0,12933.333333333336,12933.333333333336,,
2023-06-10,2kg상자,62.0,13354.83870967742,13354.83870967742,,
2023-06-12,1kg상자,25.0,7100.0,7100.0,,
2023-06-13,2kg상자,64.0,7312.5,7312.5,,
2023-06-14,1kg상자,30.0,7300.0,7300.0,,
2023-06-15,2kg상자,62.0,13806.451612903224,13806.451612903224,,
2023-06-16,2kg상자,74.0,15527.027027027025,15527.027027027025,,
2023-06-17,2kg상자,46.0,19413.04347826087,19413.04347826087,,
2023-06-19,2kg상자,34.0,22147.058823529416,22147.058823529416,,
2023-06-20,2kg상자,42.0,15357.142857142857,15357.142857142857,,
2023-06-21,2kg상자,38.0,11421.052631578945,11421.052631578945,,
2023-06-26,1kg상자,15.0,11200.0,11200.0,,
2023-06-27,1kg상자,20.0,7300.0,7300.0,,
2023-06-30,2kg상자,4000.0,12500.0,12500.0,,
2023-10-17,2kg상자,10.0,17000.0,17000.0,,
2023-10-19,1kg상자,15.0,35466.66666666666,35466.66666666666,,
2023-10-21,1kg상자,3.0,26000.0,26000.0,,
2023-10-23,2kg상자,16.0,38850.0,38850.0,,
2023-10-24,2kg상자,8.0,15000.0,15000.0,,
2023-10-25,1kg상자,36.0,39416.66666666666,39416.66666666666,,
2023-10-26,2kg상자,16.0,35312.5,35312.5,,
2023-10-27,2kg상자,4.0,19000.0,19000.0,,
2023-10-28,2kg상자,50.0,39000.0,39000.0,,
2023-10-30,0.5kg상자,2.0,24000.0,24000.0,,
2023-10-31,2kgPP대,8.0,38000.0,38000.0,,
2023-11-01,1kg상자,42.0,36190.47619047619,36190.47619047619,,
2023-11-02,1kg상자,52.0,26346.15384615385,26346.15384615385,,
2023-11-03,1kg상자,1.0,26000.0,26000.0,,
2023-11-04,2kg상자,56.0,23660.714285714286,23660.714285714286,,
2023-11-06,2kg상자,16.0,15062.5,15062.5,,
2023-11-07,0.5kg상자,6.0,33200.0,33200.0,,
2023-11-08,1kg상자,2.0,20200.0,20200.0,,
2023-11-09,1kg상자,1.0,17000.0,17000.0,,
2023-11-10,2kg상자,10.0,16720.0,16720.0,,
2023-11-11,1kg상자,5.0,10960.0,10960.0,,
2023-11-13,1kg상자,9.0,19888.88888888889,19888.88888888889,,
2023-11-14,1kg상자,7.0,18500.0,18500.0,,
2023-11-15,2kg상자,26.0,22576.92307692308,22576.92307692308,,
2023-11-16,0.5kg상자,149.0,38863.08724832214,38863.08724832214,,
2023-11-17,1kg상자,8.0,12000.0,12000.0,,
2023-11-18,1kg상자,3.0,17000.0,17000.0,,
2023-11-20,2kg상자,178.0,24662.921348314605,24662.921348314605,,
2023-11-21,2kg상자,20.0,25000.0,25000.0,,
2023-11-22,2kg상자,134.0,22444.02985074627,22444.02985074627,,
2023-11-23,1.5kg상자,1.5,20733.33333333333,20733.33333333333,,
2023-11-24,2kg상자,18.0,9000.0,9000.0,,
2023-11-25,1kg.,6.0,16100.0,16100.0,,
2023-11-27,1kg접시용기 트래이,32.0,16000.0,16000.0,,
2023-11-28,2kg.,770.0,17184.415584415587,17184.415584415587,,
2023-11-29,2kg상자,2.0,10500.0,10500.0,,
2023-11-30,1kg상자,199.0,21405.52763819095,21405.52763819095,,
2023-12-01,2kg상자,408.0,19401.71568627451,19401.71568627451,,
2023-12-02,2kg상자,112.0,17714.285714285714,17714.285714285714,,
2023-12-04,1kg상자,110.0,19631.81818181818,19631.81818181818,,
2023-12-05,2kg.,352.0,16849.43181818182,16849.43181818182,,
2023-12-06,3kg파렛트,270.0,18000.0,18000.0,,
2023-12-07,2kg상자,26.0,13750.0,13750.0,,
2023-12-08,1kg상자,191.0,18614.65968586387,18614.65968586387,,
2023-12-09,1kg접시용기 트래이,143.0,15560.83916083916,15560.83916083916,,
2023-12-11,1kg상자,30.0,9133.333333333334,9133.333333333334,,
2023-12-12,1kg상자,142.0,12606.33802816901,12606.33802816901,,
2023-12-13,2kg파렛트,180.0,10500.0,10500.0,,
2023-12-14,2kg상자,2.0,8500.0,8500.0,,
2023-12-15,500g단,6.0,18000.0,18000.0,,
2023-12-16,0.5kg상자,2.0,14400.0,14400.0,,
2023-12-18,1kg접시용기 트래이,176.0,12545.45454545455,12545.45454545455,,
2023-12-19,1kg접시용기 트래이,12.0,11583.33333333333,11583.33333333333,,
2023-12-20,1kg상자,112.0,12372.32142857143,12372.32142857143,,
2023-12-21,2kg상자,22.0,12272.72727272727,12272.72727272727,,
2023-12-22,0.5kg상자,1371.5,23166.6059059424,23166.6059059424,,
2023-12-23,1kgP-BOX,17.0,14000.0,14000.0,,
2023-12-25,1kg상자,94.0,12558.51063829787,12558.51063829787,,
2023-12-26,1kg상자,24.0,11125.0,11125.0,,
2023-12-27,0.5kg.,20.5,15600.0,15600.0,,
2023-12-28,0.5kg상자,787.0,21519.18678526048,21519.18678526048,,
2023-12-29,2kg상자,30.0,13000.0,13000.0,,
2023-12-30,0.5kg상자,76.5,22405.22875816994,22405.22875816994,,
2024-01-01,2kg상자,1042.0,15820.057581573896,15820.057581573896,,
2024-01-02,0.5kg상자,36.0,18600.0,18600.0,,
2024-01-03,1kg접시용기 트래이,973.0,14700.92497430627,14700.92497430627,,
2024-01-08,1kgP-BOX,225.0,3920.0,3920.0,,
2024-01-09,0.5kg접시용기 트래이,164.0,13629.26829268293,13629.26829268293,,
2024-01-10,3kg파렛트,2238.0,15337.801608579088,15337.801608579088,,
2024-01-11,1kg접시용기 트래이,309.0,5200.0,5200.0,,
2024-01-12,0.5kg상자,315.0,8845.714285714286,8845.714285714286,,
2024-01-13,2kg상자,484.0,14485.537190082645,14485.537190082645,,
2024-01-15,1kgP-BOX,38.0,5600.0,5600.0,,
2024-01-16,2kg.,104.0,9783.653846153846,9783.653846153846,,
2024-01-17,1kg상자,47.0,9425.531914893618,9425.531914893618,,
2024-01-18,2kg상자,136.0,11937.5,11937.5,,
2024-01-19,1kg상자,3081.0,14387.40668614086,14387.40668614086,,
2024-01-20,0.5kg상자,21.0,9000.0,9000.0,,
2024-01-22,1kg상자,5.0,8200.0,8200.0,,
2024-01-23,1kg파렛트,3642.0,8226.249313563976,8226.249313563976,,
2024-01-24,2kg상자,14.0,17900.0,17900.0,,
2024-01-25,1kg상자,10.0,10510.0,10510.0,,
2024-01-26,2kg상자,806.0,14209.67741935484,14209.67741935484,,
2024-01-27,1kg.,686.0,17646.20991253644,17646.20991253644,,
2024-01-29,1kgP-BOX,5.0,7800.0,7800.0,,
2024-01-30,1kgP-BOX,258.0,7003.488372093023,7003.488372093023,,
2024-01-31,1kg상자,134.0,9173.880597014926,9173.880597014926,,
2024-02-01,1kgPE대,26.0,8846.153846153846,8846.153846153846,,
2024-02-02,0.5kg접시용기 트래이,32.5,8400.0,8400.0,,
2024-02-03,0.5kg.,39.5,13000.0,13000.0,,
2024-02-05,1kg접시용기 트래이,175.0,18831.42857142857,18831.42857142857,,
2024-02-06,1kg상자,81.0,7444.444444444444,7444.444444444444,,
2024-02-07,1kg접시용기 트래이,438.0,19759.58904109589,19759.58904109589,,
2024-02-08,2kg상자,1070.0,13623.36448598131,13623.36448598131,,
2024-02-09,1kg상자,162.0,12075.30864197531,12075.30864197531,,
2024-02-12,1kg상자,312.0,15942.94871794872,15942.94871794872,,
2024-02-13,1kgP-BOX,2569.0,8406.578435188789,8406.578435188789,,
2024-02-14,0.5kg파렛트,99.0,12600.0,12600.0,,
2024-02-15,1kg상자,57.0,10078.94736842105,10078.94736842105,,
2024-02-16,2kg상자,404.0,8722.772277227725,8722.772277227725,,
2024-02-17,1kg.,10.0,6500.0,6500.0,,
2024-02-19,1kg상자,30.0,7700.0,7700.0,,
2024-02-20,1kg상자,63.0,9541.26984126984,9541.26984126984,,
2024-02-21,2kg상자,388.0,8110.82474226804,8110.82474226804,,
2024-02-22,0.5kg접시용기 트래이,156.0,8242.307692307691,8242.307692307691,,
2024-02-23,2kg상자,1156.0,10299.740484429063,10299.740484429063,,
2024-02-24,1kg상자,295.0,9865.42372881356,9865.42372881356,,
2024-02-26,1kg상자,522.0,8814.367816091954,8814.367816091954,,
2024-02-27,1kg접시용기 트래이,320.0,16971.25,16971.25,,
2024-02-28,1kg.,687.0,12588.06404657933,12588.06404657933,,
2024-02-29,2kg상자,8.0,7650.0,7650.0,,
2024-03-01,0.5kg접시용기 트래이,87.5,12346.285714285714,12346.285714285714,,
2024-03-02,1kg.,9.0,7500.0,7500.0,,
2024-03-04,1kg접시용기 트래이,255.0,7747.058823529412,7747.058823529412,,
2024-03-05,1kg상자,6.0,7000.0,7000.0,,
2024-03-06,1kg상자,247.0,11372.87449392713,11372.87449392713,,
2024-03-07,1kg접시용기 트래이,124.0,8914.516129032258,8914.516129032258,,
2024-03-08,1kg상자,208.0,6181.73076923077,6181.73076923077,,
2024-03-09,1kg상자,259.0,5158.301158301158,5158.301158301158,,
2024-03-11,2kg상자,180.0,7613.88888888889,7613.88888888889,,
2024-03-12,0.5kg접시용기 트래이,107.0,8320.56074766355,8320.56074766355,,
2024-03-13,1kg상자,455.0,5484.175824175824,5484.175824175824,,
2024-03-14,2kg상자,1006.0,7093.93638170974,7093.93638170974,,
2024-03-15,1kg.,1.0,5000.0,5000.0,,
2024-03-16,0.5kg상자,93.5,8432.085561497326,8432.085561497326,,
2024-03-18,1kg상자,253.0,6506.719367588933,6506.719367588933,,
2024-03-19,1kg상자,121.0,4695.867768595042,4695.867768595042,,
2024-03-20,1kg.,65.0,3107.692307692308,3107.692307692308,,
2024-03-21,1kg상자,106.0,8547.169811320755,8547.169811320755,,
2024-03-22,0.5kg상자,78.5,9261.146496815289,9261.146496815289,,
2024-03-23,1kg상자,351.0,3839.031339031339,3839.031339031339,,
2024-03-25,1kg접시용기 트래이,79.0,5579.746835443038,5579.746835443038,,
2024-03-26,1kg상자,8.0,6500.0,6500.0,,
2024-03-27,1kg.,1192.0,5355.704697986577,5355.704697986577,,
2024-03-28,1kg.,19.0,4000.0,4000.0,,
2024-03-29,1kg.,507.0,4133.727810650887,4133.727810650887,,
2024-03-30,2kg상자,114.0,7956.14035087719,7956.14035087719,,
2024-04-01,1kg상자,188.0,6877.127659574468,6877.127659574468,,
2024-04-02,0.5kg접시용기 트래이,62.5,9379.2,9379.2,,
2024-04-03,1kg상자,28.0,4800.0,4800.0,,
2024-04-04,1kg상자,808.0,5087.871287128713,5087.871287128713,,
2024-04-05,1kg.,259.0,6752.895752895753,6752.895752895753,,
2024-04-06,1kg상자,1652.0,7143.038740920098,7143.038740920098,,
2024-04-08,2kg상자,704.0,6867.897727272725,6867.897727272725,,
2024-04-09,1kg접시용기 트래이,92.0,7465.217391304348,7465.217391304348,,
2024-04-10,1kgPE대,44.0,6727.272727272727,6727.272727272727,,
2024-04-11,2kg상자,1868.0,6728.051391862955,6728.051391862955,,
2024-04-12,2kg상자,22.0,2000.0,2000.0,,
2024-04-13,1kg.,11.0,7772.727272727273,7772.727272727273,,
2024-04-15,1kg포,273.0,2736.263736263736,2736.263736263736,,
2024-04-16,1kg상자,354.0,2816.38418079096,2816.38418079096,,
2024-04-17,1kg.,151.0,1752.980132450331,1752.980132450331,,
2024-04-18,1kg.,31.0,10064.51612903226,10064.51612903226,,
2024-04-19,1kg상자,11.0,2363.636363636364,2363.636363636364,,
2024-04-20,1kg상자,523.0,6080.114722753346,6080.114722753346,,
2024-04-22,1kg접시용기 트래이,638.0,4557.993730407524,4557.993730407524,,
2024-04-23,1kg상자,4700.0,5034.297872340426,5034.297872340426,,
2024-04-24,1kg접시용기 트래이,36.0,4141.666666666667,4141.666666666667,,
2024-04-25,1kgP-BOX,8.0,7300.0,7300.0,,
2024-04-26,1kg.,10.0,7000.0,7000.0,,
2024-04-27,1kg상자,165.0,3000.0,3000.0,,
2024-04-29,1kg상자,27.0,4151.851851851852,4151.851851851852,,
2024-04-30,2kg상자,10.0,8500.0,8500.0,,
2024-05-01,1kg상자,25.0,3600.0,3600.0,,
2024-05-02,1kg접시용기 트래이,184.0,4757.608695652174,4757.608695652174,,
2024-05-03,1kg.,439.0,7316.628701594533,7316.628701594533,,
2024-05-04,1kg접시용기 트래이,66.0,5115.151515151515,5115.151515151515,,
2024-05-06,1kg.,10.0,5000.0,5000.0,,
2024-05-07,1kgP-BOX,62.0,2295.16129032258,2295.16129032258,,
2024-05-08,1kg.,49.0,3148.979591836735,3148.979591836735,,
2024-05-09,1kg.,36.0,5366.666666666667,5366.666666666667,,
2024-05-10,1kg접시용기 트래이,11.0,3000.0,3000.0,,
2024-05-11,2kg상자,46.0,2630.4347826086955,2630.4347826086955,,
2024-05-13,1kg상자,959.0,3716.684045881127,3716.684045881127,,
2024-05-14,1kg상자,1374.0,3684.861717612809,3684.861717612809,,
2024-05-15,1kgP-BOX,63.0,2469.84126984127,2469.84126984127,,
2024-05-16,1kg상자,38.0,4600.0,4600.0,,
2024-05-17,2kg상자,130.0,6007.69230769231,6007.69230769231,,
2024-05-18,1kg상자,20.0,10600.0,10600.0,,
2024-05-20,1.5kg상자,1.5,9000.0,9000.0,,
2024-05-21,2kg상자,78.0,5961.53846153846,5961.53846153846,,
2024-05-22,1kg.,16.0,9000.0,9000.0,,
2024-05-23,1kg상자,133.0,5301.503759398496,5301.503759398496,,
2024-05-24,2kg상자,10.0,2000.0,2000.0,,
2024-05-25,1kg.,40.0,1800.0,1800.0,,
2024-05-27,1kg상자,8.0,5500.0,5500.0,,
2024-05-28,1kg상자,138.0,4521.739130434783,4521.739130434783,,
2024-05-29,1kg접시용기 트래이,36.0,4694.444444444444,4694.444444444444,,
2024-05-30,2kg상자,8.0,1800.0,1800.0,,
2024-05-31,1kg상자,82.0,4414.634146341464,4414.634146341464,,
2024-06-01,1kg상자,7.0,8500.0,8500.0,,
2024-06-03,0.5kg상자,3.0,10000.0,10000.0,,
2024-06-04,1kg상자,90.0,2500.0,2500.0,,
2024-06-05,1kg상자,4.0,4000.0,4000.0,,
2024-06-06,1kg.,16.0,6800.0,6800.0,,
2024-06-07,2kg상자,28.0,7071.42857142857,7071.42857142857,,
2024-06-08,1kg상자,84.0,2600.0,2600.0,,
2024-06-10,1kg채,3.0,12000.0,12000.0,,
2024-06-11,1kg채,7.0,13000.0,13000.0,,
2024-06-21,1kgP-BOX,30.0,1600.0,1600.0,,
2024-06-26,2kg상자,18.0,17500.0,17500.0,,
2024-10-18,1kg상자,2.0,10000.0,10000.0,,
2024-10-21,1kg상자,38.0,21789.47368421053,21789.47368421053,,
2024-10-22,1kg상자,21.0,25428.57142857143,25428.57142857143,,
2024-10-23,1kg상자,15.0,33333.33333333334,33333.33333333334,,
2024-10-24,1kg상자,3.0,11666.66666666667,11666.66666666667,,
2024-10-25,1kg상자,50.0,28020.0,28020.0,,
2024-10-26,1kg상자,50.0,23680.0,23680.0,,
2024-10-28,1kg.,50.0,30600.0,30600.0,,
2024-10-29,1kg.,2.0,14800.0,14800.0,,
2024-10-30,1kg상자,32.0,29437.5,29437.5,,
2024-10-31,2kg상자,4.0,12500.0,12500.0,,
2024-11-01,2kg상자,2.0,25000.0,25000.0,,
2024-11-02,1kg상자,26.0,35230.76923076923,35230.76923076923,,
2024-11-04,2kg상자,6.0,32500.0,32500.0,,
2024-11-05,1.5kg상자,1.5,30000.0,30000.0,,
2024-11-06,1kgP-BOX,30.0,26570.0,26570.0,,
2024-11-07,1kg.,36.0,32916.66666666666,32916.66666666666,,
2024-11-08,2kg상자,18.0,41277.77777777778,41277.77777777778,,
2024-11-09,0.3kg상자,11.4,41929.824561403504,41929.824561403504,,
2024-11-11,1kg상자,37.0,28243.24324324324,28243.24324324324,,
2024-11-12,2kg상자,6.0,10000.0,10000.0,,
2024-11-13,2kg상자,40.0,39062.5,39062.5,,
2024-11-14,2kg상자,26.0,29230.76923076923,29230.76923076923,,
2024-11-15,2kg상자,202.0,13519.80198019802,13519.80198019802,,
2024-11-16,1kg접시용기 트래이,26.0,24346.15384615385,24346.15384615385,,
2024-11-18,2kg상자,20.0,14000.0,14000.0,,
2024-11-19,2kg상자,502.0,15050.89442231076,15050.89442231076,,
2024-11-20,1kg상자,3.0,11000.0,11000.0,,
2024-11-21,2kg상자,84.0,25467.85714285714,25467.85714285714,,
2024-11-22,1kg상자,26.0,17338.46153846154,17338.46153846154,,
2024-11-23,2kg상자,32.0,13125.0,13125.0,,
2024-11-25,1kgP-BOX,1.0,6000.0,6000.0,,
2024-11-26,1.5kg상자,1.5,21466.666666666668,21466.666666666668,,
2024-11-27,1kg상자,7.0,11714.28571428571,11714.28571428571,,
2024-11-28,0.5kg.,5.5,30000.0,30000.0,,
2024-11-29,0.5kg.,69.5,20690.64748201438,20690.64748201438,,
2024-11-30,2kg상자,140.0,20590.0,20590.0,,
2024-12-02,1kgP-BOX,2.0,14000.0,14000.0,,
2024-12-03,0.5kg상자,1.0,17000.0,17000.0,,
2024-12-04,1kg.,356.0,19601.12359550562,19601.12359550562,,
2024-12-05,1kg상자,13.0,18846.15384615385,18846.15384615385,,
2024-12-06,1kg접,47.0,22510.63829787234,22510.63829787234,,
2024-12-07,0.5kg상자,192.0,20687.5,20687.5,,
2024-12-09,0.5kg상자,149.5,17799.33110367893,17799.33110367893,,
2024-12-10,1kg파렛트,5.0,11200.0,11200.0,,
2024-12-11,0.5kg상자,1183.5,17856.020278833967,17856.020278833967,,
2024-12-12,2kg상자,8.0,12875.0,12875.0,,
2024-12-13,1kg상자,4.0,13250.0,13250.0,,
2024-12-14,1kg접시용기 트래이,97.0,15907.21649484536,15907.21649484536,,
2024-12-16,2kg파렛트,1648.0,13915.655339805826,13915.655339805826,,
2024-12-17,1kg상자,38.0,28500.0,28500.0,,
2024-12-18,1kgP-BOX,15.0,17800.0,17800.0,,
2024-12-19,1kgP-BOX,7.0,9000.0,9000.0,,
2024-12-20,1kg상자,12.0,12500.0,12500.0,,
2024-12-21,0.5kg상자,105.5,19954.502369668247,19954.502369668247,,
2024-12-23,1kg상자,1.0,12000.0,12000.0,,
2024-12-24,2kg상자,110.0,19949.09090909091,19949.09090909091,,
2024-12-25,1kg상자,9.0,7333.333333333332,7333.333333333332,,
2024-12-26,0.5kg상자,985.0,21114.82233502538,21114.82233502538,,
2024-12-27,1kgP-BOX,302.0,17925.49668874172,17925.49668874172,,
2024-12-28,1kg상자,526.0,16070.72243346008,16070.72243346008,,
2024-12-30,1kg접시용기 트래이,18.0,7300.0,7300.0,,
2024-12-31,2kg상자,442.0,12600.904977375563,12600.904977375563,,
2025-01-01,1kg상자,354.0,15360.16949152542,15360.16949152542,,
2025-01-02,1kg.,500.0,11514.4,11514.4,,
2025-01-03,2kg상자,360.0,17979.16666666667,17979.16666666667,,
2025-01-04,1kg상자,10.0,7500.0,7500.0,,
2025-01-06,0.5kg상자,57.0,16003.508771929824,16003.508771929824,,
2025-01-07,1kg상자,1303.0,7107.904834996162,7107.904834996162,,
2025-01-08,1kg접시용기 트래이,164.0,15731.70731707317,15731.70731707317,,
2025-01-09,1kg상자,43.0,16106.97674418604,16106.97674418604,,
2025-01-10,0.5kg상자,748.0,17986.764705882353,17986.764705882353,,
2025-01-11,1kg상자,100.0,11580.0,11580.0,,
2025-01-13,2kg상자,210.0,12778.57142857143,12778.57142857143,,
2025-01-14,1kg접,271.0,17160.51660516605,17160.51660516605,,
2025-01-15,2kg상자,920.0,12980.978260869564,12980.978260869564,,
2025-01-16,1kg상자,23.0,3717.391304347826,3717.391304347826,,
2025-01-17,2kg상자,30.0,15600.0,15600.0,,
2025-01-18,1kg.,435.0,14114.94252873563,14114.94252873563,,
2025-01-20,0.5kg상자,43.5,18000.0,18000.0,,
2025-01-21,2kg상자,598.0,8533.779264214045,8533.779264214045,,
2025-01-22,0.5kg상자,39.0,7000.0,7000.0,,
2025-01-23,2kg상자,134.0,10650.746268656714,10650.746268656714,,
2025-01-24,1kg상자,11.0,3700.0,3700.0,,
2025-01-25,0.5kg접시용기 트래이,397.0,18196.47355163728,18196.47355163728,,
2025-01-26,1kg상자,147.0,6238.095238095239,6238.095238095239,,
2025-01-27,1kg접시용기 트래이,33.0,6793.939393939395,6793.939393939395,,
2025-01-28,2kg상자,2298.0,8754.56919060052,8754.56919060052,,
2025-01-31,1kg상자,15.0,8600.0,8600.0,,
2025-02-01,2kg상자,2756.0,8478.955007256895,8478.955007256895,,
2025-02-03,0.5kg접시용기 트래이,136.5,13993.406593406591,13993.406593406591,,
2025-02-04,1kg접시용기 트래이,7.0,4214.285714285715,4214.285714285715,,
2025-02-05,1kg접시용기 트래이,5.0,6000.0,6000.0,,
2025-02-06,2kg상자,38.0,7500.0,7500.0,,
2025-02-07,1kg상자,56.0,6250.0,6250.0,,
2025-02-08,1kg.,50.0,12212.0,12212.0,,
2025-02-10,2kg상자,6.0,6000.0,6000.0,,
2025-02-11,1kg접,265.0,14935.84905660378,14935.84905660378,,
2025-02-12,1kg접,12.0,8000.0,8000.0,,
2025-02-13,1kg상자,10.0,5600.0,5600.0,,
2025-02-14,1kg접시용기 트래이,51.0,12500.0,12500.0,,
2025-02-15,1kg상자,44.0,7718.181818181818,7718.181818181818,,
2025-02-17,0.5kg상자,79.5,15354.716981132076,15354.716981132076,,
2025-02-18,1kg상자,53.0,8245.283018867925,8245.283018867925,,
2025-02-19,0.5kg상자,30.0,16600.0,16600.0,,
2025-02-20,1kg상자,192.0,9669.270833333334,9669.270833333334,,
2025-02-21,0.5kg상자,59.0,11600.0,11600.0,,
2025-02-22,2kg상자,148.0,6491.89189189189,6491.89189189189,,
2025-02-24,1kg상자,213.0,4040.37558685446,4040.37558685446,,
2025-02-25,1kg상자,522.0,7591.379310344828,7591.379310344828,,
2025-02-26,1kg접시용기 트래이,526.0,9417.300380228136,9417.300380228136,,
2025-02-27,1kg.,8.0,4300.0,4300.0,,
2025-02-28,1kg접시용기 트래이,152.0,11869.07894736842,11869.07894736842,,
2025-03-01,1kgP-BOX,42.0,10857.14285714286,10857.14285714286,,
2025-03-03,2kg상자,1048.0,7458.492366412215,7458.492366412215,,
2025-03-04,1kgP-BOX,2.0,3600.0,3600.0,,
2025-03-05,1kg접시용기 트래이,269.0,12189.59107806691,12189.59107806691,,
2025-03-06,1kg상자,295.0,4810.169491525424,4810.169491525424,,
2025-03-07,0.5kg상자,42.0,5600.0,5600.0,,
2025-03-08,1kg상자,659.0,11243.55083459788,11243.55083459788,,
2025-03-10,2kg상자,58.0,6706.89655172414,6706.89655172414,,
2025-03-11,1kg.,40.0,2800.0,2800.0,,
2025-03-12,1kg접시용기 트래이,47.0,10329.78723404255,10329.78723404255,,
2025-03-13,1kg접시용기 트래이,314.0,4554.140127388535,4554.140127388535,,
2025-03-14,0.5kg.,24.0,8600.0,8600.0,,
2025-03-15,1kg상자,75.0,4469.333333333333,4469.333333333333,,
2025-03-17,1kg포,319.0,11250.78369905956,11250.78369905956,,
2025-03-18,1kg상자,1031.0,8021.33850630456,8021.33850630456,,
2025-03-19,1kg.,165.0,3581.818181818182,3581.818181818182,,
2025-03-20,0.5kg상자,39.0,8200.0,8200.0,,
2025-03-21,2kg상자,756.0,6973.544973544975,6973.544973544975,,
2025-03-22,1kg상자,474.0,4466.033755274261,4466.033755274261,,
2025-03-24,2kg상자,392.0,6528.061224489795,6528.061224489795,,
2025-03-25,1kg상자,699.0,3520.171673819743,3520.171673819743,,
2025-03-26,2kg상자,3168.0,5032.19696969697,5032.19696969697,,
2025-03-27,0.5kg.,6.0,5800.0,5800.0,,
2025-03-28,2kg상자,1068.0,5721.91011235955,5721.91011235955,,
2025-03-29,1kg상자,1704.0,4479.460093896713,4479.460093896713,,
2025-03-31,2kg상자,150.0,4916.666666666667,4916.666666666667,,
2025-04-01,1kg상자,118.0,3316.949152542372,3316.949152542372,,
2025-04-02,2kg상자,70.0,6300.0,6300.0,,
2025-04-03,0.5kg상자,36.0,6200.0,6200.0,,
2025-04-04,1kg상자,5115.0,7562.072336265885,7562.072336265885,,
2025-04-05,1kg접시용기 트래이,265.0,5300.0,5300.0,,
2025-04-07,1kg상자,184.0,4793.478260869565,4793.478260869565,,
2025-04-08,1kgP-BOX,120.0,2753.333333333333,2753.333333333333,,
2025-04-09,0.5kg상자,5.5,8000.0,8000.0,,
2025-04-10,3kg파렛트,1212.0,7000.0,7000.0,,
2025-04-11,1kg상자,64.0,8500.0,8500.0,,
2025-04-12,2kg상자,190.0,6400.0,6400.0,,
2025-04-14,1kg파렛트,1157.0,2600.0,2600.0,,
2025-04-15,1kg파렛트,320.0,4600.0,4600.0,,
2025-04-16,1kg상자,279.0,4390.681003584229,4390.681003584229,,
2025-04-17,1kg.,10.0,2800.0,2800.0,,
2025-04-18,1kg상자,528.0,3732.954545454545,3732.954545454545,,
2025-04-19,1kgP-BOX,6.0,3600.0,3600.0,,
2025-04-21,2kg파렛트,178.0,5500.0,5500.0,,
2025-04-22,1kg접시용기 트래이,31.0,6677.41935483871,6677.41935483871,,
2025-04-23,1kg상자,592.0,3201.520270270271,3201.520270270271,,
2025-04-24,1kg.,19.0,3200.0,3200.0,,
2025-04-25,2kg상자,734.0,4826.975476839237,4826.975476839237,,
2025-04-26,0.5kg접시용기 트래이,51.0,8317.64705882353,8317.64705882353,,
2025-04-28,1kg접시용기 트래이,14.0,5500.0,5500.0,,
2025-04-29,1kg접시용기 트래이,105.0,4113.333333333333,4113.333333333333,,
2025-04-30,1kg상자,144.0,2357.638888888889,2357.638888888889,,
2025-05-01,1kg상자,96.0,5614.583333333333,5614.583333333333,,
2025-05-02,1kg접시용기 트래이,3.0,9000.0,9000.0,,
2025-05-03,1kg접시용기 트래이,148.0,3793.918918918919,3793.918918918919,,
2025-05-05,1kg상자,67.0,5200.0,5200.0,,
2025-05-06,1kg.,199.0,7497.487437185929,7497.487437185929,,
2025-05-07,1kg접시용기 트래이,208.0,4688.461538461538,4688.461538461538,,
2025-05-08,0.5kg상자,6.0,7200.0,7200.0,,
2025-05-09,1kg접시용기 트래이,51.0,3549.019607843137,3549.019607843137,,
2025-05-10,1kg접시용기 트래이,46.0,7217.391304347826,7217.391304347826,,
2025-05-12,1kg상자,1257.0,4633.333333333333,4633.333333333333,,
2025-05-13,1kgP-BOX,10.0,3600.0,3600.0,,
2025-05-14,0.5kg상자,39.5,14354.430379746836,14354.430379746836,,
2025-05-15,1kgP-BOX,197.0,5119.289340101523,5119.289340101523,,
2025-05-16,1kg접시용기 트래이,56.0,3600.0,3600.0,,
2025-05-17,0.5kg상자,3.5,3600.0,3600.0,,
2025-05-19,1kg.,62.0,5800.0,5800.0,,
2025-05-20,2kg.,106.0,6433.962264150945,6433.962264150945,,
2025-05-21,1kg접시용기 트래이,5.0,2500.0,2500.0,,
2025-05-22,0.5kg상자,18.0,9600.0,9600.0,,
2025-05-23,1kgP-BOX,187.0,1908.55614973262,1908.55614973262,,
2025-05-24,1kg상자,448.0,3585.267857142858,3585.267857142858,,
2025-05-26,1kg상자,210.0,2633.333333333333,2633.333333333333,,
2025-05-27,1kg.,14.0,4300.0,4300.0,,
2025-05-28,2kg상자,184.0,4288.04347826087,4288.04347826087,,
2025-05-29,2kg파렛트,160.0,5000.0,5000.0,,
2025-05-30,1kg상자,50.0,4000.0,4000.0,,
2025-05-31,1kgP-BOX,54.0,2622.222222222222,2622.222222222222,,
2025-06-02,1kgP-BOX,198.0,3000.0,3000.0,,
2025-06-03,1kg상자,167.0,5613.173652694611,5613.173652694611,,
2025-06-04,0.5kg상자,30.0,11600.0,11600.0,,
2025-06-05,2kg상자,38.0,8750.0,8750.0,,
2025-06-06,1kg상자,175.0,5814.857142857143,5814.857142857143,,
2025-06-07,1kg상자,33.0,4500.0,4500.0,,
2025-06-09,2kg상자,26.0,5000.0,5000.0,,
2025-06-11,2kg상자,34.0,9250.0,9250.0,,
2025-06-12,3kg파렛트,138.0,6000.0,6000.0,,
2025-06-20,1kg상자,7.0,20000.0,20000.0,,
2025-06-25,1kg상자,5.0,20000.0,20000.0,,
2025-09-02,1kg상자,5.0,15000.0,15000.0,,
2025-09-09,1kg상자,5.0,15000.0,15000.0,,
2025-09-13,1kg상자,7.0,15000.0,15000.0,,
2025-09-17,1kg상자,5.0,15000.0,15000.0,,
2025-09-23,1kg상자,5.0,15000.0,15000.0,,
2025-09-27,1kg상자,9.0,15000.0,15000.0,,
2025-10-03,1kg상자,7.0,15000.0,15000.0,,
2025-10-04,1kg상자,12.0,17083.33333333333,17083.33333333333,,
2025-10-11,1kg상자,11.0,16545.45454545454,16545.45454545454,,
2025-10-13,2kg상자,4.0,20000.0,20000.0,,
2025-10-14,1kg개,17.0,23411.76470588235,23411.76470588235,,
2025-10-16,1kg상자,20.0,21700.0,21700.0,,
2025-10-17,1kg상자,9.0,26666.66666666667,26666.66666666667,,
2025-10-18,1kg개,19.0,20473.68421052632,20473.68421052632,,
2025-10-20,1kg상자,5.0,15000.0,15000.0,,
2025-10-21,2kg상자,8.0,21250.0,21250.0,,
2025-10-22,1kg개,28.0,21000.0,21000.0,,
2025-10-23,2kg상자,20.0,30000.0,30000.0,,
2025-10-24,2kg상자,4.0,15000.0,15000.0,,
2025-10-25,2kg상자,2.0,20500.0,20500.0,,
2025-10-27,2kg상자,62.0,10787.09677419355,10787.09677419355,,
2025-10-28,1.5kg상자,1.5,10666.666666666666,10666.666666666666,,
2025-10-29,1kg.,24.0,22500.0,22500.0,,
2025-10-30,2kg상자,140.0,21957.14285714286,21957.14285714286,,
2025-10-31,2kg상자,14.0,27500.0,27500.0,,
2025-11-01,1kgP-BOX,10.0,18200.0,18200.0,,
2025-11-03,1kg상자,88.0,28818.18181818182,28818.18181818182,,
2025-11-04,2kg상자,10.0,12000.0,12000.0,,
2025-11-05,1kg상자,2.0,21500.0,21500.0,,
2025-11-06,0.5kg.,1.0,29600.0,29600.0,,
2025-11-07,2kg상자,10.0,22800.0,22800.0,,
2025-11-08,2kg상자,84.0,20904.761904761905,20904.761904761905,,
2025-11-10,0.5kg상자,17.5,20000.0,20000.0,,
2025-11-11,2kg상자,110.0,18230.0,18230.0,,
2025-11-12,1kg상자,16.0,21000.0,21000.0,,
2025-11-13,1kg.,35.0,27900.0,27900.0,,
2025-11-14,1kg상자,11.0,24000.0,24000.0,,
2025-11-15,0.5kg상자,0.5,20000.0,20000.0,,
2025-11-17,2kg상자,640.0,15377.1875,15377.1875,,
2025-11-18,1kg상자,15.0,16300.0,16300.0,,
2025-11-19,1kg상자,12.0,5100.0,5100.0,,
2025-11-20,2kg상자,230.0,23586.95652173913,23586.95652173913,,
2025-11-21,0.5kg.,6.0,27666.66666666666,27666.66666666666,,
2025-11-22,1kg상자,65.0,15430.76923076923,15430.76923076923,,
2025-11-24,2kg상자,10.0,11000.0,11000.0,,
2025-11-25,0.5kg.,45.0,23200.0,23200.0,,
2025-11-26,1kg접시용기 트래이,18.0,20000.0,20000.0,,
2025-11-27,1kgP-BOX,91.0,15452.74725274725,15452.74725274725,,
2025-11-28,0.5kg상자,17.5,19000.0,19000.0,,
2025-11-29,0.5kg.,279.0,25659.4982078853,25659.4982078853,,
2025-12-01,2kg상자,416.0,16536.05769230769,16536.05769230769,,
2025-12-02,1kg접시용기 트래이,180.0,20722.22222222222,20722.22222222222,,
2025-12-03,1kg상자,100.0,13706.0,13706.0,,
2025-12-04,0.5kg.,73.0,16000.0,16000.0,,
2025-12-05,1kg접시용기 트래이,54.0,16833.33333333333,16833.33333333333,,
2025-12-06,1kg상자,9.0,10000.0,10000.0,,
2025-12-08,1kg상자,33.0,9575.757575757576,9575.757575757576,,
2025-12-09,0.5kg포,12.0,16000.0,16000.0,,
2025-12-10,2kg상자,480.0,15164.375,15164.375,,
2025-12-11,1kg상자,11.0,6600.0,6600.0,,
2025-12-12,1kg접,98.0,21000.0,21000.0,,
2025-12-13,1kg상자,13.0,7761.538461538462,7761.538461538462,,
2025-12-15,0.5kg상자,45.0,14533.333333333336,14533.333333333336,,
2025-12-16,1kg상자,186.0,12056.98924731183,12056.98924731183,,
2025-12-17,0.5kg접시용기 트래이,9.0,15000.0,15000.0,,
2025-12-18,2kg상자,180.0,13755.555555555557,13755.555555555557,,
2025-12-19,1kg상자,26.0,7576.923076923077,7576.923076923077,,
2025-12-20,1kgP-BOX,5.0,7500.0,7500.0,,
2025-12-22,1kg상자,18.0,15100.0,15100.0,,
2025-12-23,1kgP-BOX,22.0,14995.45454545455,14995.45454545455,,
2025-12-24,2kg상자,2000.0,20615.0,20615.0,,
2025-12-25,0.5kg.,108.0,20000.0,20000.0,,
2025-12-26,1kg상자,175.0,25831.42857142857,25831.42857142857,,
2025-12-27,5kg상자,47963.0,2869.0,14345.0,30045.0,2875.0
2025-12-29,5kg상자,104005.0,2880.0,14399.0,27824.0,1000.0
2025-12-30,5kg상자,67745.0,2840.0,14202.0,24276.0,1300.0
2025-12-31,5kg상자,102612.0,2638.0,13192.0,25367.0,2000.0
2026-01-01,5kg상자,260.0,3238.0,16192.0,16192.0,16192.0
2026-01-02,5kg상자,14000.0,2867.0,14334.0,26773.0,6500.0
2026-01-03,5kg상자,137372.0,2472.0,12358.0,23500.0,3000.0
2026-01-05,5kg상자,115953.0,2469.0,12347.0,23444.0,1727.0
2026-01-06,5kg상자,81984.0,2470.0,12349.0,24000.0,2000.0
2026-01-07,5kg상자,91145.0,2426.0,12130.0,23221.0,2000.0
2026-01-08,5kg상자,59714.0,2233.0,11167.0,21667.0,1000.0
2026-01-09,5kg상자,101021.0,2256.0,11279.0,22910.0,2000.0
2026-01-10,5kg상자,69010.0,2313.0,11566.0,20938.0,2000.0
2026-01-12,5kg상자,112270.0,2305.0,11526.0,36250.0,3000.0
2026-01-13,5kg상자,89112.0,2260.0,11299.0,23375.0,1250.0
2026-01-14,5kg상자,64394.0,2436.0,12178.0,36250.0,3500.0
2026-01-15,5kg상자,59362.0,2373.0,11863.0,24773.0,2000.0
2026-01-16,5kg상자,101414.0,2472.0,12362.0,31583.0,2000.0
2026-01-17,5kg상자,52302.0,2443.0,12216.0,31708.0,3772.0
2026-01-19,5kg상자,103457.0,2551.0,12757.0,33583.0,2000.0
2026-01-20,5kg상자,72279.0,2567.0,12833.0,25232.0,1500.0
2026-01-21,5kg상자,69222.0,2534.0,12671.0,24069.0,1000.0
2026-01-22,5kg상자,47118.0,2333.0,11666.0,35826.0,1000.0
2026-01-23,5kg상자,85974.0,2602.0,13009.0,36250.0,2000.0
2026-01-24,5kg상자,53979.0,2564.0,12821.0,26878.0,1846.0
2026-01-26,5kg상자,93828.0,2734.0,13668.0,36250.0,2000.0
2026-01-27,5kg상자,75550.0,2657.0,13285.0,26938.0,1300.0
2026-01-28,5kg상자,61432.0,2644.0,13222.0,30077.0,2500.0
2026-01-29,5kg상자,51945.0,2713.0,13564.0,30581.0,2500.0
2026-01-30,5kg상자,85462.0,2809.0,14043.0,30164.0,2000.0
2026-01-31,5kg상자,44960.0,2665.0,13326.0,26294.0,3000.0
2026-02-02,5kg상자,97148.0,2980.0,14898.0,40000.0,1750.0
2026-02-03,5kg상자,62870.0,2918.0,14588.0,24711.0,2000.0
2026-02-04,5kg상자,78128.0,2991.0,14956.0,46600.0,2000.0
2026-02-05,5kg상자,81270.0,2628.0,13140.0,44400.0,3000.0
2026-02-06,5kg상자,90274.0,2992.0,14962.0,46200.0,2500.0
2026-02-07,5kg상자,61848.0,2678.0,13392.0,40049.0,1000.0
2026-02-08,5kg상자,730.0,3673.0,18366.0,19575.0,10000.0
2026-02-09,5kg상자,116414.0,2777.0,13884.0,41451.0,1000.0
2026-02-10,5kg상자,71028.0,2705.0,13524.0,33200.0,2897.0
2026-02-11,5kg상자,83040.0,2707.0,13535.0,41750.0,1000.0
2026-02-12,5kg상자,68602.0,2511.0,12553.0,44200.0,1500.0
2026-02-13,5kg상자,94154.0,2667.0,13335.0,37321.0,1000.0
2026-02-14,5kg상자,91472.0,2566.0,12832.0,37607.0,1000.0
2026-02-15,5kg상자,9285.0,2482.0,12408.0,18899.0,2000.0
2026-02-16,5kg상자,83642.0,2053.0,10263.0,25231.0,1000.0
2026-02-19,5kg상자,10350.0,2325.0,11624.0,22500.0,2000.0
2026-02-20,5kg상자,135274.0,2064.0,10319.0,30040.0,1000.0
2026-02-21,5kg상자,201798.0,2089.0,10445.0,35296.0,1000.0
2026-02-23,5kg상자,169186.0,2457.0,12287.0,44000.0,2000.0
2026-02-24,5kg상자,102291.0,2296.0,11482.0,38939.0,1500.0
2026-02-25,5kg상자,40962.0,2529.0,12644.0,44212.0,2000.0
